,Sections,Average GPA,Courses w/ no GPA,Total Time Gap,Earliest Time,Latest Time,Earliest Time (Minutes),Latest Time (Minutes),Quality Score (Rigved),Quality Score (Brandon),Quality Score (Shayar,Quality Score (g),Quality Score (Suraj,Quality Score
0,"{'CS 7641': ('A', ['23765', [[0, 'TR', 'Howey Physics L1', 20, ['Max Roozbahani (P)'], 0, -1, -1]], 3, 0, 0, [], -1]), 'CS 6390': ('A', ['34264', [[16, 'MW', 'Klaus Advanced Computing 2447', 6, ['Vivek Sarkar (P)'], 0, -1, -1]], 3, 0, 0, [], -1]), 'CS 7450': ('A', ['31608', [[1, 'TR', 'Instructional Center 109', 3, ['Alexander Endert (P)'], 0, -1, -1]], 3, 0, 0, [], -1]), 'CS 6999': ('V06', ['23429', [[2, '', 'TBA', 1, ['Richard Vuduc (P)'], 0, -1, -1]], 1, 6, 0, [], -1])}",3.77454816,0,30,1230,1645,750,1005,8,8,7,7,7,7.4
1,"{'CS 6476': ('A', ['25049', [[16, 'TR', 'TBA', 1, ['Judy Hoffman (P)'], 0, -1, -1]], 3, 0, 0, [], -1]), 'ISYE 6644': ('MSA', ['31026', [[3, 'MW', 'J. Erskine Love Manufacturing 185', 11, ['David Goldsman (P)'], 0, -1, -1]], 3, 0, 0, [], -1]), 'CSE 6242': ('A', ['24376', [[14, 'TR', 'Clough UG Learning Commons 152', 16, ['Duenhorng Chau (P)'], 0, -1, -1]], 3, 0, 0, [], -1]), 'CSE 6742': ('A', ['32416', [[5, 'W', 'Cherry Emerson 320', 25, ['Mariel Borowitz (P)'], 0, -1, -1]], 3, 0, 0, [], -1])}",3.84342193,0,495,930,2115,570,1275,6,7,8,7,6,6.8
2,"{'CS 7641': ('A', ['23765', [[0, 'TR', 'Howey Physics L1', 20, ['Max Roozbahani (P)'], 0, -1, -1]], 3, 0, 0, [], -1]), 'CS 7648': ('A', ['33416', [[15, 'TR', 'College of Computing 101', 13, ['Matthew Gombolay (P)'], 0, -1, -1]], 3, 0, 0, [], -1]), 'CSE 6740': ('PAN', ['29687', [[3, 'TR', 'Clough UG Learning Commons 102', 16, ['Anqi Wu (P)'], 0, -1, -1]], 3, 0, 0, [], -1]), 'CSE 7751': ('A', ['29924', [[1, 'MW', 'Klaus Advanced Computing 2443', 6, ['Faramarz Fekri (P)'], 0, -1, -1]], 3, 0, 0, [], -1])}",3.714637446,0,240,800,1515,480,915,5,6,6,5,4,5.2
3,"{'CS 6999': ('W07', ['23431', [[2, '', 'TBA', 1, ['Gil Weinberg (P)'], 0, -1, -1]], 1, 6, 0, [], -1]), 'CSE 7000': ('F02', ['23802', [[2, '', 'TBA', 1, ['Richard Fujimoto (P)'], 0, -1, -1]], 1, 8, 0, [], -1]), 'CSE 7751': ('A', ['29924', [[1, 'MW', 'Klaus Advanced Computing 2443', 6, ['Faramarz Fekri (P)'], 0, -1, -1]], 3, 0, 0, [], -1]), 'CS 6390': ('A', ['34264', [[16, 'MW', 'Klaus Advanced Computing 2447', 6, ['Vivek Sarkar (P)'], 0, -1, -1]], 3, 0, 0, [], -1])}",3.818318996,1,30,1400,1645,840,1005,1,1,1,1,1,1
4,"{'CS 6263': ('A', ['34255', [[14, 'MW', 'Van Leer C340', 18, ['Sukarno Mertoguno (P)'], 0, -1, -1]], 3, 0, 0, [], -1]), 'CS 6725': ('A', ['28747', [[5, 'M', 'Scheller College of Business 200', 0, ['Peter Swire (P)'], 0, -1, -1]], 3, 0, 0, [], -1]), 'MATH 6644': ('A', ['29584', [[7, 'MW', 'Clough UG Learning Commons 102', 16, ['Hao-Min Zhou (P)'], 0, -1, -1]], 3, 0, 0, [], -1]), 'CSE 6742': ('A', ['32416', [[5, 'W', 'Cherry Emerson 320', 25, ['Mariel Borowitz (P)'], 0, -1, -1]], 3, 0, 0, [], -1])}",3.744875,0,600,1100,2115,660,1275,5,7,6,6,5,5.8
5,"{'CS 7641': ('A', ['23765', [[0, 'TR', 'Howey Physics L1', 20, ['Max Roozbahani (P)'], 0, -1, -1]], 3, 0, 0, [], -1]), 'ISYE 6644': ('MSA', ['31026', [[3, 'MW', 'J. Erskine Love Manufacturing 185', 11, ['David Goldsman (P)'], 0, -1, -1]], 3, 0, 0, [], -1]), 'CS 6727': ('A01', ['27934', [[2, '', 'TBA', 1, ['Vijay Madisetti (P)'], 0, -1, -1]], 0, 6, 0, [], -1]), 'CSE 6740': ('PAN', ['29687', [[3, 'TR', 'Clough UG Learning Commons 102', 16, ['Anqi Wu (P)'], 0, -1, -1]], 3, 0, 0, [], -1])}",3.673964931,0,210,930,1345,570,825,5,6,7,7,8,6.6
6,"{'CS 7641': ('A', ['23765', [[0, 'TR', 'Howey Physics L1', 20, ['Max Roozbahani (P)'], 0, -1, -1]], 3, 0, 0, [], -1]), 'CS 6491': ('A', ['30858', [[11, 'MWF', 'Van Leer E283', 18, ['Greg Turk (P)'], 0, -1, -1]], 3, 0, 0, [], -1]), 'CS 6210': ('A', ['20917', [[7, 'MW', 'Instructional Center 215', 3, ['Ada Gavrilovska (P)'], 0, -1, -1]], 3, 0, 0, [], -1]), 'CS 7751': ('A', ['29923', [[1, 'MW', 'Klaus Advanced Computing 2443', 6, ['Faramarz Fekri (P)'], 0, -1, -1]], 3, 0, 0, [], -1])}",3.62269697,0,110,1100,1515,660,915,5,7,6,5,6,5.8
7,"{'CS 6725': ('A', ['28747', [[5, 'M', 'Scheller College of Business 200', 0, ['Peter Swire (P)'], 0, -1, -1]], 3, 0, 0, [], -1]), 'CS 6390': ('A', ['34264', [[16, 'MW', 'Klaus Advanced Computing 2447', 6, ['Vivek Sarkar (P)'], 0, -1, -1]], 3, 0, 0, [], -1]), 'ISYE 6644': ('MSA', ['31026', [[3, 'MW', 'J. Erskine Love Manufacturing 185', 11, ['David Goldsman (P)'], 0, -1, -1]], 3, 0, 0, [], -1]), 'CS 7450': ('A', ['31608', [[1, 'TR', 'Instructional Center 109', 3, ['Alexander Endert (P)'], 0, -1, -1]], 3, 0, 0, [], -1])}",3.70877193,0,675,930,2115,570,1275,4,6,5,5,5,5
8,"{'CS 7648': ('A', ['33416', [[15, 'TR', 'College of Computing 101', 13, ['Matthew Gombolay (P)'], 0, -1, -1]], 3, 0, 0, [], -1]), 'CS 6262': ('A', ['32012', [[1, 'TR', 'Ford Environmental Sci &amp; Tech L1205', 5, ['Wenke Lee (P)'], 0, -1, -1]], 3, 0, 0, [], -1]), 'CS 6999': ('P22', ['32956', [[2, '', 'TBA', 1, ['Andrea Parker (P)'], 0, -1, -1]], 1, 6, 0, [], -1]), 'CSE 6230': ('A', ['32166', [[14, 'TR', 'Ford Environmental Sci &amp; Tech L1255', 5, ['Ramakrishnan Kannan (P)'], 0, -1, -1]], 3, 0, 0, [], -1])}",3.740507104,0,780,800,1815,480,1095,4,5,6,5,5,5
9,"{'CS 7641': ('A', ['23765', [[0, 'TR', 'Howey Physics L1', 20, ['Max Roozbahani (P)'], 0, -1, -1]], 3, 0, 0, [], -1]), 'CS 7648': ('A', ['33416', [[15, 'TR', 'College of Computing 101', 13, ['Matthew Gombolay (P)'], 0, -1, -1]], 3, 0, 0, [], -1]), 'CS 6550': ('A', ['29570', [[1, 'MW', 'Weber SST III 1', 10, ['Sahil Singla (P)'], 0, -1, -1]], 3, 0, 0, [29], -1]), 'CS 7643': ('A', ['25932', [[0, 'WF', 'Clough UG Learning Commons 152', 16, ['Zsolt Kira (P)'], 0, -1, -1]], 3, 0, 0, [], -1])}",3.706952261,0,405,800,1515,480,915,5,6,5,5,4,5
10,"{'CS 6515': ('A', ['26953', [[16, 'TR', 'College of Computing 16', 13, ['Dana Randall (P)'], 0, -1, -1]], 3, 0, 0, [], -1]), 'CS 6390': ('A', ['34264', [[16, 'MW', 'Klaus Advanced Computing 2447', 6, ['Vivek Sarkar (P)'], 0, -1, -1]], 3, 0, 0, [], -1]), 'CS 6725': ('A', ['28747', [[5, 'M', 'Scheller College of Business 200', 0, ['Peter Swire (P)'], 0, -1, -1]], 3, 0, 0, [], -1]), 'CS 7785': ('HC', ['30846', [[20, 'MWF', 'Manufacture Rel Discip Complex 2407', 17, ['Sean Wilson (P)'], 0, -1, -1]], 3, 0, 0, [], -1])}",3.708166667,0,725,930,2115,570,1275,4,4,3,5,4,4
11,"{'CSE 6242': ('A', ['24376', [[14, 'TR', 'Clough UG Learning Commons 152', 16, ['Duenhorng Chau (P)'], 0, -1, -1]], 3, 0, 0, [], -1]), 'CS 7455': ('A', ['29357', [[1, 'MW', 'Clough UG Learning Commons 262', 16, ['Elizabeth Disalvo (P)'], 0, -1, -1]], 3, 0, 0, [], -1]), 'CS 7643': ('A', ['25932', [[0, 'WF', 'Clough UG Learning Commons 152', 16, ['Zsolt Kira (P)'], 0, -1, -1]], 3, 0, 0, [], -1]), 'CS 7545': ('A', ['31944', [[16, 'TR', 'Weber SST III 1', 10, ['Jacob Abernethy (P)'], 0, -1, -1]], 3, 0, 0, [], -1])}",3.730714815,0,45,1230,1815,750,1095,6,8,7,7,9,7.4
12,"{'CS 6515': ('A', ['26953', [[16, 'TR', 'College of Computing 16', 13, ['Dana Randall (P)'], 0, -1, -1]], 3, 0, 0, [], -1]), 'CS 6457': ('A', ['24107', [[3, 'MW', 'Mason 1133', 9, ['Jeffrey Wilson (P)'], 0, -1, -1]], 3, 0, 0, [], -1]), 'CSE 6644': ('A', ['29723', [[7, 'MW', 'Clough UG Learning Commons 102', 16, ['Molei Tao (P)'], 0, -1, -1]], 3, 0, 0, [], -1]), 'CS 6263': ('A', ['34255', [[14, 'MW', 'Van Leer C340', 18, ['Sukarno Mertoguno (P)'], 0, -1, -1]], 3, 0, 0, [], -1])}",3.714120614,0,600,930,1815,570,1095,5,6,5,6,5,5.4
13,"{'CS 6727': ('A01', ['27934', [[2, '', 'TBA', 1, ['Vijay Madisetti (P)'], 0, -1, -1]], 0, 6, 0, [], -1]), 'CS 6675': ('A', ['29372', [[16, 'MW', 'Ford Environmental Sci &amp; Tech L1205', 5, ['Ling Liu (P)'], 0, -1, -1]], 3, 0, 0, [], -1]), 'CSE 6740': ('PAN', ['29687', [[3, 'TR', 'Clough UG Learning Commons 102', 16, ['Anqi Wu (P)'], 0, -1, -1]], 3, 0, 0, [], -1]), 'CS 6400': ('A', ['33673', [[16, 'TR', 'Instructional Center 115', 3, ['Shamkant Navathe (P)'], 0, -1, -1]], 3, 0, 0, [], -1])}",3.707763889,0,570,930,1645,570,1005,4,6,5,6,5,5.2
14,"{'CS 6515': ('A', ['26953', [[16, 'TR', 'College of Computing 16', 13, ['Dana Randall (P)'], 0, -1, -1]], 3, 0, 0, [], -1]), 'CS 6457': ('A', ['24107', [[3, 'MW', 'Mason 1133', 9, ['Jeffrey Wilson (P)'], 0, -1, -1]], 3, 0, 0, [], -1]), 'CSE 8803': ('CDS', ['33668', [[1, 'MW', 'Molecular Sciences and Engr G021', 26, ['Nisha Chandramoorthy (P)'], 0, -1, -1]], 3, 0, 0, [], -1]), 'CS 6675': ('A', ['29372', [[16, 'MW', 'Ford Environmental Sci &amp; Tech L1205', 5, ['Ling Liu (P)'], 0, -1, -1]], 3, 0, 0, [], -1])}",3.731622807,0,420,930,1645,570,1005,5,6,7,6,7,6.2
15,"{'CS 7648': ('A', ['33416', [[15, 'TR', 'College of Computing 101', 13, ['Matthew Gombolay (P)'], 0, -1, -1]], 3, 0, 0, [], -1]), 'CS 6727': ('A', ['26619', [[19, 'F', 'Clough UG Learning Commons 102', 16, ['Vijay Madisetti (P)'], 0, -1, -1]], 5, 0, 0, [], -1]), 'CS 7751': ('A', ['29923', [[1, 'MW', 'Klaus Advanced Computing 2443', 6, ['Faramarz Fekri (P)'], 0, -1, -1]], 3, 0, 0, [], -1]), 'CS 7545': ('A', ['31944', [[16, 'TR', 'Weber SST III 1', 10, ['Jacob Abernethy (P)'], 0, -1, -1]], 3, 0, 0, [], -1])}",3.646805556,0,750,800,1645,480,1005,3,4,5,5,4,4.2
16,"{'CS 7641': ('A', ['23765', [[0, 'TR', 'Howey Physics L1', 20, ['Max Roozbahani (P)'], 0, -1, -1]], 3, 0, 0, [], -1]), 'CS 6211': ('AL', ['32357', [[2, '', 'TBA', 1, ['Umakishore Ramachandran (P)'], 0, -1, -1]], 0, 6, 0, [], -1]), 'CSE 6242': ('A', ['24376', [[14, 'TR', 'Clough UG Learning Commons 152', 16, ['Duenhorng Chau (P)'], 0, -1, -1]], 3, 0, 0, [], -1]), 'CS 6750': ('A', ['27154', [[16, 'MW', 'Manufacture Rel Discip Complex 2404', 17, ['Rosa Arriaga (P)'], 0, -1, -1]], 3, 0, 0, [], -1])}",3.783494372,1,390,1230,1815,750,1095,7,8,9,6,7,7.4
17,"{'CS 6515': ('A', ['26953', [[16, 'TR', 'College of Computing 16', 13, ['Dana Randall (P)'], 0, -1, -1]], 3, 0, 0, [], -1]), 'CS 7643': ('A', ['25932', [[0, 'WF', 'Clough UG Learning Commons 152', 16, ['Zsolt Kira (P)'], 0, -1, -1]], 3, 0, 0, [], -1]), 'INTA 6742': ('A', ['29767', [[5, 'W', 'Cherry Emerson 320', 25, ['Mariel Borowitz (P)'], 0, -1, -1]], 3, 0, 0, [], -1]), 'CS 6550': ('A', ['29570', [[1, 'MW', 'Weber SST III 1', 10, ['Sahil Singla (P)'], 0, -1, -1]], 3, 0, 0, [29], -1])}",3.694828704,0,210,1230,2115,750,1275,5,7,6,5,6,5.8
18,"{'CS 6457': ('A', ['24107', [[3, 'MW', 'Mason 1133', 9, ['Jeffrey Wilson (P)'], 0, -1, -1]], 3, 0, 0, [], -1]), 'CSE 6740': ('PAN', ['29687', [[3, 'TR', 'Clough UG Learning Commons 102', 16, ['Anqi Wu (P)'], 0, -1, -1]], 3, 0, 0, [], -1]), 'CS 6262': ('A', ['32012', [[1, 'TR', 'Ford Environmental Sci &amp; Tech L1205', 5, ['Wenke Lee (P)'], 0, -1, -1]], 3, 0, 0, [], -1]), 'CS 6400': ('A', ['33673', [[16, 'TR', 'Instructional Center 115', 3, ['Shamkant Navathe (P)'], 0, -1, -1]], 3, 0, 0, [], -1])}",3.684953947,0,420,930,1645,570,1005,5,6,6,5,5,5.4
19,"{'CS 6515': ('A', ['26953', [[16, 'TR', 'College of Computing 16', 13, ['Dana Randall (P)'], 0, -1, -1]], 3, 0, 0, [], -1]), 'CSE 6220': ('A', ['29383', [[3, 'MW', 'Clough UG Learning Commons 152', 16, ['Srinivas Aluru (P)'], 0, -1, -1]], 3, 0, 0, [], -1]), 'CS 6263': ('A', ['34255', [[14, 'MW', 'Van Leer C340', 18, ['Sukarno Mertoguno (P)'], 0, -1, -1]], 3, 0, 0, [], -1]), 'CS 6675': ('A', ['29372', [[16, 'MW', 'Ford Environmental Sci &amp; Tech L1205', 5, ['Ling Liu (P)'], 0, -1, -1]], 3, 0, 0, [], -1])}",3.491530303,0,600,930,1815,570,1095,2,3,4,5,4,3.6
20,"{'CS 6515': ('A', ['26953', [[16, 'TR', 'College of Computing 16', 13, ['Dana Randall (P)'], 0, -1, -1]], 3, 0, 0, [], -1]), 'CS 6290': ('A', ['21889', [[0, 'TR', 'Klaus Advanced Computing 1443', 6, ['Thomas Conte (P)'], 0, -1, -1]], 3, 0, 0, [], -1]), 'CS 6262': ('A', ['32012', [[1, 'TR', 'Ford Environmental Sci &amp; Tech L1205', 5, ['Wenke Lee (P)'], 0, -1, -1]], 3, 0, 0, [], -1]), 'CSE 6643': ('A', ['24192', [[15, 'TR', 'Klaus Advanced Computing 1443', 6, ['Florian Schaefer (P)'], 0, -1, -1]], 3, 0, 0, [], -1])}",3.514916667,0,450,800,1645,480,1005,2,4,3,6,5,4
21,"{'CS 6250': ('A', ['33376', [[3, 'TR', 'Molecular Sciences and Engr G011', 26, ['Cecilia Testart (P)'], 0, -1, -1]], 3, 0, 0, [], -1]), 'CS 6550': ('A', ['29570', [[1, 'MW', 'Weber SST III 1', 10, ['Sahil Singla (P)'], 0, -1, -1]], 3, 0, 0, [29], -1]), 'CS 7450': ('A', ['31608', [[1, 'TR', 'Instructional Center 109', 3, ['Alexander Endert (P)'], 0, -1, -1]], 3, 0, 0, [], -1]), 'CS 7641': ('A', ['23765', [[0, 'TR', 'Howey Physics L1', 20, ['Max Roozbahani (P)'], 0, -1, -1]], 3, 0, 0, [], -1])}",3.71711501,0,240,930,1515,570,915,5,7,6,6,7,6.2
22,"{'CSE 6740': ('PAN', ['29687', [[3, 'TR', 'Clough UG Learning Commons 102', 16, ['Anqi Wu (P)'], 0, -1, -1]], 3, 0, 0, [], -1]), 'CS 6999': ('X04', ['32744', [[2, '', 'TBA', 1, ['Danfei Xu (P)'], 0, -1, -1]], 1, 6, 0, [], -1]), 'CS 6241': ('A', ['29375', [[1, 'MW', 'Molecular Sciences and Engr 1222', 26, ['Santosh Pande (P)'], 0, -1, -1]], 3, 0, 0, [], -1]), 'ISYE 6644': ('A', ['20391', [[3, 'MW', 'J. Erskine Love Manufacturing 185', 11, ['David Goldsman (P)'], 0, -1, -1]], 3, 0, 0, [], -1])}",3.694989879,0,390,930,1515,570,915,5,7,6,5,6,5.8
23,"{'CS 6250': ('A', ['33376', [[3, 'TR', 'Molecular Sciences and Engr G011', 26, ['Cecilia Testart (P)'], 0, -1, -1]], 3, 0, 0, [], -1]), 'INTA 6742': ('A', ['29767', [[5, 'W', 'Cherry Emerson 320', 25, ['Mariel Borowitz (P)'], 0, -1, -1]], 3, 0, 0, [], -1]), 'CSE 6643': ('A', ['24192', [[15, 'TR', 'Klaus Advanced Computing 1443', 6, ['Florian Schaefer (P)'], 0, -1, -1]], 3, 0, 0, [], -1]), 'CS 7641': ('A', ['23765', [[0, 'TR', 'Howey Physics L1', 20, ['Max Roozbahani (P)'], 0, -1, -1]], 3, 0, 0, [], -1])}",3.709545566,0,240,800,2115,480,1275,4,6,8,6,6,6
24,"{'CS 6250': ('A', ['33376', [[3, 'TR', 'Molecular Sciences and Engr G011', 26, ['Cecilia Testart (P)'], 0, -1, -1]], 3, 0, 0, [], -1]), 'CS 6491': ('A', ['30858', [[11, 'MWF', 'Van Leer E283', 18, ['Greg Turk (P)'], 0, -1, -1]], 3, 0, 0, [], -1]), 'MATH 6644': ('A', ['29584', [[7, 'MW', 'Clough UG Learning Commons 102', 16, ['Hao-Min Zhou (P)'], 0, -1, -1]], 3, 0, 0, [], -1]), 'CS 7000': ('H11', ['25668', [[2, '', 'TBA', 1, ['James Hays (P)'], 0, -1, -1]], 1, 8, 0, [], -1])}",3.821882784,1,30,930,1320,570,800,7,9,7,8,9,8
25,"{'CS 7641': ('A', ['23765', [[0, 'TR', 'Howey Physics L1', 20, ['Max Roozbahani (P)'], 0, -1, -1]], 3, 0, 0, [], -1]), 'CS 6727': ('A01', ['27934', [[2, '', 'TBA', 1, ['Vijay Madisetti (P)'], 0, -1, -1]], 0, 6, 0, [], -1]), 'CS 7650': ('A', ['27707', [[1, 'MW', 'Instructional Center 211', 3, ['Wei Xu (P)'], 0, -1, -1]], 3, 0, 0, [], -1]), 'CS 8803': ('DCC', ['34284', [[15, 'MW', 'J. Erskine Love Manufacturing 185', 11, ['Vijay Madisetti (P)'], 0, -1, -1]], 3, 0, 0, [], -1])}",3.722439378,0,570,800,1515,480,915,5,6,6,6,6,5.8
26,"{'CS 6238': ('A', ['29374', [[0, 'TR', 'Van Leer C241', 18, ['Mustaque Ahamad (P)'], 0, -1, -1]], 3, 0, 0, [0], -1]), 'CS 6390': ('A', ['34264', [[16, 'MW', 'Klaus Advanced Computing 2447', 6, ['Vivek Sarkar (P)'], 0, -1, -1]], 3, 0, 0, [], -1]), 'CS 7742': ('A', ['31049', [[9, 'W', 'Manufacture Rel Discip Complex 2407', 17, ['Nader Sadegh (P)'], 0, -1, -1]], 1, 0, 0, [], -1]), 'CS 6457': ('A', ['24107', [[3, 'MW', 'Mason 1133', 9, ['Jeffrey Wilson (P)'], 0, -1, -1]], 3, 0, 0, [], -1])}",3.772412281,0,520,930,1645,570,1005,6,7,6,7,5,6.2
27,"{'CS 6675': ('A', ['29372', [[16, 'MW', 'Ford Environmental Sci &amp; Tech L1205', 5, ['Ling Liu (P)'], 0, -1, -1]], 3, 0, 0, [], -1]), 'CS 7742': ('A', ['31049', [[9, 'W', 'Manufacture Rel Discip Complex 2407', 17, ['Nader Sadegh (P)'], 0, -1, -1]], 1, 0, 0, [], -1]), 'CS 6550': ('A', ['29570', [[1, 'MW', 'Weber SST III 1', 10, ['Sahil Singla (P)'], 0, -1, -1]], 3, 0, 0, [29], -1]), 'CS 6263': ('A', ['34255', [[14, 'MW', 'Van Leer C340', 18, ['Sukarno Mertoguno (P)'], 0, -1, -1]], 3, 0, 0, [], -1])}",3.771541667,0,190,1100,1815,660,1095,6,8,8,7,8,7.4
28,"{'CS 6241': ('A', ['29375', [[1, 'MW', 'Molecular Sciences and Engr 1222', 26, ['Santosh Pande (P)'], 0, -1, -1]], 3, 0, 0, [], -1]), 'CS 6211': ('AL', ['32357', [[2, '', 'TBA', 1, ['Umakishore Ramachandran (P)'], 0, -1, -1]], 0, 6, 0, [], -1]), 'CS 6675': ('A', ['29372', [[16, 'MW', 'Ford Environmental Sci &amp; Tech L1205', 5, ['Ling Liu (P)'], 0, -1, -1]], 3, 0, 0, [], -1]), 'CS 6250': ('A', ['33376', [[3, 'TR', 'Molecular Sciences and Engr G011', 26, ['Cecilia Testart (P)'], 0, -1, -1]], 3, 0, 0, [], -1])}",3.640371795,1,30,930,1645,570,1005,5,6,7,7,7,6.4
29,"{'CS 6250': ('A', ['33376', [[3, 'TR', 'Molecular Sciences and Engr G011', 26, ['Cecilia Testart (P)'], 0, -1, -1]], 3, 0, 0, [], -1]), 'CS 6365': ('A', ['29369', [[0, 'TR', 'Klaus Advanced Computing 1456', 6, ['Calton Pu (P)'], 0, -1, -1]], 3, 0, 0, [], -1]), 'CS 7000': ('B16', ['24182', [[2, '', 'TBA', 1, ['Rahul Basole (P)'], 0, -1, -1]], 1, 8, 0, [], -1]), 'CSE 6140': ('A', ['33418', [[15, 'MW', 'Paper Tricentennial 109', 22, ['Xiuwei Zhang (P)'], 0, -1, -1]], 3, 0, 0, [], -1])}",3.708013986,1,210,800,1345,480,825,5,5,5,4,3,4.4
30,"{'CS 6290': ('A', ['21889', [[0, 'TR', 'Klaus Advanced Computing 1443', 6, ['Thomas Conte (P)'], 0, -1, -1]], 3, 0, 0, [], -1]), 'CSE 6140': ('A', ['33418', [[15, 'MW', 'Paper Tricentennial 109', 22, ['Xiuwei Zhang (P)'], 0, -1, -1]], 3, 0, 0, [], -1]), 'CSE 6748': ('A', ['25959', [[2, '', 'TBA', 1, ['Joel Sokol (P)'], 0, -1, -1]], 6, 6, 0, [], -1]), 'CS 6675': ('A', ['29372', [[16, 'MW', 'Ford Environmental Sci &amp; Tech L1205', 5, ['Ling Liu (P)'], 0, -1, -1]], 3, 0, 0, [], -1])}",3.716750874,0,750,800,1645,480,1005,4,5,3,6,7,5
31,"{'CSE 6140': ('A', ['33418', [[15, 'MW', 'Paper Tricentennial 109', 22, ['Xiuwei Zhang (P)'], 0, -1, -1]], 3, 0, 0, [], -1]), 'CS 6474': ('A', ['29326', [[0, 'MW', 'Klaus Advanced Computing 2447', 6, ['Munmun De Choudhury (P)'], 0, -1, -1]], 3, 0, 0, [], -1]), 'CS 6999': ('X01', ['23433', [[2, '', 'TBA', 1, ['Jun Xu (P)'], 0, -1, -1]], 1, 6, 0, [], -1]), 'CSE 8803': ('CDS', ['33668', [[1, 'MW', 'Molecular Sciences and Engr G021', 26, ['Nisha Chandramoorthy (P)'], 0, -1, -1]], 3, 0, 0, [], -1])}",3.791028708,0,420,800,1515,480,915,6,7,7,6,5,6.2
32,"{'CS 6290': ('A', ['21889', [[0, 'TR', 'Klaus Advanced Computing 1443', 6, ['Thomas Conte (P)'], 0, -1, -1]], 3, 0, 0, [], -1]), 'CSE 6140': ('A', ['33418', [[15, 'MW', 'Paper Tricentennial 109', 22, ['Xiuwei Zhang (P)'], 0, -1, -1]], 3, 0, 0, [], -1]), 'INTA 6742': ('A', ['29767', [[5, 'W', 'Cherry Emerson 320', 25, ['Mariel Borowitz (P)'], 0, -1, -1]], 3, 0, 0, [], -1]), 'CS 6795': ('A', ['29328', [[14, 'TR', 'Scheller College of Business 202', 0, ['Ashok Goel (P)'], 0, -1, -1]], 3, 0, 0, [], -1])}",3.741019571,0,945,800,2115,480,1275,4,7,3,4,6,4.8
33,"{'CS 7742': ('A', ['31049', [[9, 'W', 'Manufacture Rel Discip Complex 2407', 17, ['Nader Sadegh (P)'], 0, -1, -1]], 1, 0, 0, [], -1]), 'CS 6211': ('A', ['32355', [[47, 'MW', 'TBA', 1, ['Umakishore Ramachandran (P)'], 0, -1, -1]], 3, 0, 0, [], -1]), 'CS 6999': ('K12', ['26716', [[2, '', 'TBA', 1, ['Taesoo Kim (P)'], 0, -1, -1]], 1, 6, 0, [], -1]), 'CS 6998': ('E03', ['23783', [[2, '', 'TBA', 1, ['Irfan Essa (P)'], 0, -1, -1]], 1, 6, 0, [], -1])}",3.959188889,1,490,1100,2050,660,1250,1,9,1,1,1,2.6
34,"{'CSE 6644': ('A', ['29723', [[7, 'MW', 'Clough UG Learning Commons 102', 16, ['Molei Tao (P)'], 0, -1, -1]], 3, 0, 0, [], -1]), 'CS 6460': ('A', ['23977', [[1, 'MW', 'Instructional Center 111', 3, ['Judith Uchidiuno (P)'], 0, -1, -1]], 3, 0, 0, [], -1]), 'CS 6474': ('A', ['29326', [[0, 'MW', 'Klaus Advanced Computing 2447', 6, ['Munmun De Choudhury (P)'], 0, -1, -1]], 3, 0, 0, [], -1]), 'CS 6440': ('A', ['29356', [[16, 'TR', 'Mason 5134', 9, ['Jon Duke (P)'], 0, -1, -1]], 3, 0, 0, [], -1])}",3.896322222,0,60,1100,1645,660,1005,10,10,9,4,6,7.8
35,"{'CS 6550': ('A', ['29570', [[1, 'MW', 'Weber SST III 1', 10, ['Sahil Singla (P)'], 0, -1, -1]], 3, 0, 0, [29], -1]), 'CSE 6643': ('A', ['24192', [[15, 'TR', 'Klaus Advanced Computing 1443', 6, ['Florian Schaefer (P)'], 0, -1, -1]], 3, 0, 0, [], -1]), 'CS 7450': ('A', ['31608', [[1, 'TR', 'Instructional Center 109', 3, ['Alexander Endert (P)'], 0, -1, -1]], 3, 0, 0, [], -1]), 'CS 6440': ('A', ['29356', [[16, 'TR', 'Mason 5134', 9, ['Jon Duke (P)'], 0, -1, -1]], 3, 0, 0, [], -1])}",3.769097222,0,600,800,1645,480,1005,5,7,6,4,6,5.6
36,"{'CS 6290': ('A', ['21889', [[0, 'TR', 'Klaus Advanced Computing 1443', 6, ['Thomas Conte (P)'], 0, -1, -1]], 3, 0, 0, [], -1]), 'CS 6474': ('A', ['29326', [[0, 'MW', 'Klaus Advanced Computing 2447', 6, ['Munmun De Choudhury (P)'], 0, -1, -1]], 3, 0, 0, [], -1]), 'CS 7455': ('A', ['29357', [[1, 'MW', 'Clough UG Learning Commons 262', 16, ['Elizabeth Disalvo (P)'], 0, -1, -1]], 3, 0, 0, [], -1]), 'CS 6476': ('A', ['25049', [[16, 'TR', 'TBA', 1, ['Judy Hoffman (P)'], 0, -1, -1]], 3, 0, 0, [], -1])}",3.785416667,0,240,1230,1645,750,1005,7,8,3,8,7,6.6
37,"{'CS 6550': ('A', ['29570', [[1, 'MW', 'Weber SST III 1', 10, ['Sahil Singla (P)'], 0, -1, -1]], 3, 0, 0, [29], -1]), 'CS 6440': ('A', ['29356', [[16, 'TR', 'Mason 5134', 9, ['Jon Duke (P)'], 0, -1, -1]], 3, 0, 0, [], -1]), 'CS 7742': ('A', ['31049', [[9, 'W', 'Manufacture Rel Discip Complex 2407', 17, ['Nader Sadegh (P)'], 0, -1, -1]], 1, 0, 0, [], -1]), 'CSE 6242': ('A', ['24376', [[14, 'TR', 'Clough UG Learning Commons 152', 16, ['Duenhorng Chau (P)'], 0, -1, -1]], 3, 0, 0, [], -1])}",3.894788889,0,160,1100,1815,660,1095,9,9,8,7,8,8.2
38,"{'CS 6290': ('A', ['21889', [[0, 'TR', 'Klaus Advanced Computing 1443', 6, ['Thomas Conte (P)'], 0, -1, -1]], 3, 0, 0, [], -1]), 'CSE 6140': ('A', ['33418', [[15, 'MW', 'Paper Tricentennial 109', 22, ['Xiuwei Zhang (P)'], 0, -1, -1]], 3, 0, 0, [], -1]), 'CS 6491': ('A', ['30858', [[11, 'MWF', 'Van Leer E283', 18, ['Greg Turk (P)'], 0, -1, -1]], 3, 0, 0, [], -1]), 'CS 6400': ('A', ['33673', [[16, 'TR', 'Instructional Center 115', 3, ['Shamkant Navathe (P)'], 0, -1, -1]], 3, 0, 0, [], -1])}",3.635211039,0,600,800,1645,480,1005,4,6,3,7,5,5
39,"{'CS 6290': ('A', ['21889', [[0, 'TR', 'Klaus Advanced Computing 1443', 6, ['Thomas Conte (P)'], 0, -1, -1]], 3, 0, 0, [], -1]), 'CS 6210': ('A', ['20917', [[7, 'MW', 'Instructional Center 215', 3, ['Ada Gavrilovska (P)'], 0, -1, -1]], 3, 0, 0, [], -1]), 'CS 7450': ('A', ['31608', [[1, 'TR', 'Instructional Center 109', 3, ['Alexander Endert (P)'], 0, -1, -1]], 3, 0, 0, [], -1]), 'MATH 6643': ('A', ['20474', [[15, 'TR', 'Klaus Advanced Computing 1443', 6, ['Florian Schaefer (P)'], 0, -1, -1]], 3, 0, 0, [], -1])}",3.619075,0,420,800,1515,480,915,4,7,3,7,4,5
40,"{'CS 8803': ('ESC', ['31978', [[42, 'F', 'College of Computing 52', 13, ['Taesoo Kim (P)'], 0, -1, -1]], 3, 0, 0, [], -1]), 'CS 6474': ('A', ['29326', [[0, 'MW', 'Klaus Advanced Computing 2447', 6, ['Munmun De Choudhury (P)'], 0, -1, -1]], 3, 0, 0, [], -1]), 'CS 7450': ('A', ['31608', [[1, 'TR', 'Instructional Center 109', 3, ['Alexander Endert (P)'], 0, -1, -1]], 3, 0, 0, [], -1]), 'CS 6727': ('A', ['26619', [[19, 'F', 'Clough UG Learning Commons 102', 16, ['Vijay Madisetti (P)'], 0, -1, -1]], 5, 0, 0, [], -1])}",3.766180556,0,285,825,1645,505,1005,5,8,7,3,5,5.6
41,"{'CS 6998': ('P01', ['23792', [[2, '', 'TBA', 1, ['Colin Potts (P)'], 0, -1, -1]], 1, 6, 0, [], -1]), 'CSE 8903': ('Z08', ['27152', [[2, '', 'TBA', 1, ['Chao Zhang (P)'], 0, -1, -1]], 1, 4, 0, [], -1]), 'CS 6471': ('A', ['33707', [[16, 'MW', 'Whitaker 1103', 27, ['Munmun De Choudhury (P)'], 0, -1, -1]], 3, 0, 0, [], -1]), 'ISYE 6644': ('A', ['20391', [[3, 'MW', 'J. Erskine Love Manufacturing 185', 11, ['David Goldsman (P)'], 0, -1, -1]], 3, 0, 0, [], -1])}",3.805663596,0,570,930,1645,570,1005,5,7,6,7,5,6
42,"{'CS 7545': ('A', ['31944', [[16, 'TR', 'Weber SST III 1', 10, ['Jacob Abernethy (P)'], 0, -1, -1]], 3, 0, 0, [], -1]), 'CS 6390': ('A', ['34264', [[16, 'MW', 'Klaus Advanced Computing 2447', 6, ['Vivek Sarkar (P)'], 0, -1, -1]], 3, 0, 0, [], -1]), 'CS 7785': ('HC', ['30846', [[20, 'MWF', 'Manufacture Rel Discip Complex 2407', 17, ['Sean Wilson (P)'], 0, -1, -1]], 3, 0, 0, [], -1]), 'CSE 6242': ('A', ['24376', [[14, 'TR', 'Clough UG Learning Commons 152', 16, ['Duenhorng Chau (P)'], 0, -1, -1]], 3, 0, 0, [], -1])}",3.818566667,0,650,930,1815,570,1095,5,8,7,7,9,7.2
43,"{'CS 6474': ('A', ['29326', [[0, 'MW', 'Klaus Advanced Computing 2447', 6, ['Munmun De Choudhury (P)'], 0, -1, -1]], 3, 0, 0, [], -1]), 'CS 7650': ('A', ['27707', [[1, 'MW', 'Instructional Center 211', 3, ['Wei Xu (P)'], 0, -1, -1]], 3, 0, 0, [], -1]), 'CS 6725': ('A', ['28747', [[5, 'M', 'Scheller College of Business 200', 0, ['Peter Swire (P)'], 0, -1, -1]], 3, 0, 0, [], -1]), 'CS 7648': ('A', ['33416', [[15, 'TR', 'College of Computing 101', 13, ['Matthew Gombolay (P)'], 0, -1, -1]], 3, 0, 0, [], -1])}",3.745625,0,225,800,2115,480,1275,5,7,7,7,6,6.4
44,"{'CS 7632': ('A', ['32023', [[3, 'MW', 'Klaus Advanced Computing 1443', 6, ['Mark Riedl (P)'], 0, -1, -1]], 3, 0, 0, [], -1]), 'CS 7455': ('A', ['29357', [[1, 'MW', 'Clough UG Learning Commons 262', 16, ['Elizabeth Disalvo (P)'], 0, -1, -1]], 3, 0, 0, [], -1]), 'CS 7476': ('A', ['33771', [[0, 'TR', 'Molecular Sciences and Engr G011', 26, ['James Hays (P)'], 0, -1, -1]], 3, 0, 0, [], -1]), 'CS 6262': ('A', ['32012', [[1, 'TR', 'Ford Environmental Sci &amp; Tech L1205', 5, ['Wenke Lee (P)'], 0, -1, -1]], 3, 0, 0, [], -1])}",3.8073125,0,420,930,1515,570,915,6,7,7,8,9,7.4
45,"{'CSE 6140': ('A', ['33418', [[15, 'MW', 'Paper Tricentennial 109', 22, ['Xiuwei Zhang (P)'], 0, -1, -1]], 3, 0, 0, [], -1]), 'CS 7632': ('A', ['32023', [[3, 'MW', 'Klaus Advanced Computing 1443', 6, ['Mark Riedl (P)'], 0, -1, -1]], 3, 0, 0, [], -1]), 'CS 6365': ('A', ['29369', [[0, 'TR', 'Klaus Advanced Computing 1456', 6, ['Calton Pu (P)'], 0, -1, -1]], 3, 0, 0, [], -1]), 'CS 7751': ('A', ['29923', [[1, 'MW', 'Klaus Advanced Computing 2443', 6, ['Faramarz Fekri (P)'], 0, -1, -1]], 3, 0, 0, [], -1])}",3.683012092,0,420,800,1515,480,915,4,6,6,7,7,6
46,"{'CS 7292': ('A', ['32067', [[16, 'MW', 'Clough UG Learning Commons 102', 16, ['Moinuddin Qureshi (P)'], 0, -1, -1]], 3, 0, 0, [], -1]), 'CS 7000': ('ZO2', ['26522', [[2, '', 'TBA', 1, ['Hongyuan Zha (P)'], 0, -1, -1]], 1, 8, 0, [], -1]), 'CSE 6742': ('A', ['32416', [[5, 'W', 'Cherry Emerson 320', 25, ['Mariel Borowitz (P)'], 0, -1, -1]], 3, 0, 0, [], -1]), 'CS 7450': ('A', ['31608', [[1, 'TR', 'Instructional Center 109', 3, ['Alexander Endert (P)'], 0, -1, -1]], 3, 0, 0, [], -1])}",3.853611111,1,105,1400,2115,840,1275,7,9,8,7,8,7.8
47,"{'CS 6795': ('A', ['29328', [[14, 'TR', 'Scheller College of Business 202', 0, ['Ashok Goel (P)'], 0, -1, -1]], 3, 0, 0, [], -1]), 'CS 7455': ('A', ['29357', [[1, 'MW', 'Clough UG Learning Commons 262', 16, ['Elizabeth Disalvo (P)'], 0, -1, -1]], 3, 0, 0, [], -1]), 'CS 6210': ('A', ['20917', [[7, 'MW', 'Instructional Center 215', 3, ['Ada Gavrilovska (P)'], 0, -1, -1]], 3, 0, 0, [], -1]), 'CS 7641': ('A', ['23765', [[0, 'TR', 'Howey Physics L1', 20, ['Max Roozbahani (P)'], 0, -1, -1]], 3, 0, 0, [], -1])}",3.731283279,0,600,1100,1815,660,1095,6,7,7,7,7,6.8
48,"{'CSE 6242': ('A', ['24376', [[14, 'TR', 'Clough UG Learning Commons 152', 16, ['Duenhorng Chau (P)'], 0, -1, -1]], 3, 0, 0, [], -1]), 'CSE 6730': ('A', ['29302', [[1, 'TR', 'Clough UG Learning Commons 152', 16, ['Spencer Bryngelson (P)'], 0, -1, -1]], 3, 0, 0, [], -1]), 'CS 7785': ('HC', ['30846', [[20, 'MWF', 'Manufacture Rel Discip Complex 2407', 17, ['Sean Wilson (P)'], 0, -1, -1]], 3, 0, 0, [], -1]), 'MATH 6643': ('A', ['20474', [[15, 'TR', 'Klaus Advanced Computing 1443', 6, ['Florian Schaefer (P)'], 0, -1, -1]], 3, 0, 0, [], -1])}",3.7651625,0,780,800,1815,480,1095,5,6,6,4,5,5.2
49,"{'CS 6727': ('A01', ['27934', [[2, '', 'TBA', 1, ['Vijay Madisetti (P)'], 0, -1, -1]], 0, 6, 0, [], -1]), 'CSE 6643': ('A', ['24192', [[15, 'TR', 'Klaus Advanced Computing 1443', 6, ['Florian Schaefer (P)'], 0, -1, -1]], 3, 0, 0, [], -1]), 'CS 6515': ('A', ['26953', [[16, 'TR', 'College of Computing 16', 13, ['Dana Randall (P)'], 0, -1, -1]], 3, 0, 0, [], -1]), 'CS 6474': ('A', ['29326', [[0, 'MW', 'Klaus Advanced Computing 2447', 6, ['Munmun De Choudhury (P)'], 0, -1, -1]], 3, 0, 0, [], -1])}",3.635847222,0,750,800,1645,480,1005,4,5,5,3,5,4.4
50,"{'CSE 6742': ('A', ['32416', [[5, 'W', 'Cherry Emerson 320', 25, ['Mariel Borowitz (P)'], 0, -1, -1]], 3, 0, 0, [], -1]), 'CS 6263': ('A', ['34255', [[14, 'MW', 'Van Leer C340', 18, ['Sukarno Mertoguno (P)'], 0, -1, -1]], 3, 0, 0, [], -1]), 'CS 6999': ('R04', ['23421', [[2, '', 'TBA', 1, [], 0, -1, -1]], 1, 6, 0, [], -1]), 'CS 6491': ('A', ['30858', [[11, 'MWF', 'Van Leer E283', 18, ['Greg Turk (P)'], 0, -1, -1]], 3, 0, 0, [], -1])}",3.830215438,0,455,1230,2115,750,1275,6,7,8,7,7,7
51,"{'CS 6795': ('A', ['29328', [[14, 'TR', 'Scheller College of Business 202', 0, ['Ashok Goel (P)'], 0, -1, -1]], 3, 0, 0, [], -1]), 'CSE 7000': ('S20', ['23720', [[2, '', 'TBA', 1, ['Le Song (P)'], 0, -1, -1]], 1, 8, 0, [], -1]), 'CS 6727': ('A01', ['27934', [[2, '', 'TBA', 1, ['Vijay Madisetti (P)'], 0, -1, -1]], 0, 6, 0, [], -1]), 'CS 6400': ('A', ['33673', [[16, 'TR', 'Instructional Center 115', 3, ['Shamkant Navathe (P)'], 0, -1, -1]], 3, 0, 0, [], -1])}",3.717268519,1,30,1530,1815,930,1095,6,7,7,8,9,7.4
52,"{'CS 6750': ('A', ['27154', [[16, 'MW', 'Manufacture Rel Discip Complex 2404', 17, ['Rosa Arriaga (P)'], 0, -1, -1]], 3, 0, 0, [], -1]), 'CS 7455': ('A', ['29357', [[1, 'MW', 'Clough UG Learning Commons 262', 16, ['Elizabeth Disalvo (P)'], 0, -1, -1]], 3, 0, 0, [], -1]), 'CSE 6220': ('A', ['29383', [[3, 'MW', 'Clough UG Learning Commons 152', 16, ['Srinivas Aluru (P)'], 0, -1, -1]], 3, 0, 0, [], -1]), 'MATH 6643': ('A', ['20474', [[15, 'TR', 'Klaus Advanced Computing 1443', 6, ['Florian Schaefer (P)'], 0, -1, -1]], 3, 0, 0, [], -1])}",3.623480303,0,420,800,1645,480,1005,4,6,5,5,4,4.8
53,"{'CS 6750': ('A', ['27154', [[16, 'MW', 'Manufacture Rel Discip Complex 2404', 17, ['Rosa Arriaga (P)'], 0, -1, -1]], 3, 0, 0, [], -1]), 'CSE 8803': ('CDS', ['33668', [[1, 'MW', 'Molecular Sciences and Engr G021', 26, ['Nisha Chandramoorthy (P)'], 0, -1, -1]], 3, 0, 0, [], -1]), 'CS 6263': ('A', ['34255', [[14, 'MW', 'Van Leer C340', 18, ['Sukarno Mertoguno (P)'], 0, -1, -1]], 3, 0, 0, [], -1]), 'CS 7648': ('A', ['33416', [[15, 'TR', 'College of Computing 101', 13, ['Matthew Gombolay (P)'], 0, -1, -1]], 3, 0, 0, [], -1])}",3.75104386,0,60,800,1815,480,1095,5,7,6,6,6,6
54,"{'CS 6750': ('A', ['27154', [[16, 'MW', 'Manufacture Rel Discip Complex 2404', 17, ['Rosa Arriaga (P)'], 0, -1, -1]], 3, 0, 0, [], -1]), 'CSE 6140': ('A', ['33418', [[15, 'MW', 'Paper Tricentennial 109', 22, ['Xiuwei Zhang (P)'], 0, -1, -1]], 3, 0, 0, [], -1]), 'INTA 6742': ('A', ['29767', [[5, 'W', 'Cherry Emerson 320', 25, ['Mariel Borowitz (P)'], 0, -1, -1]], 3, 0, 0, [], -1]), 'CS 6035': ('A', ['23290', [[14, 'TR', 'Scheller College of Business 100', 0, ['Daniel Genkin (P)'], 0, -1, -1]], 3, 0, 0, [], -1])}",3.744340404,0,855,800,2115,480,1275,4,5,5,4,5,4.6
55,"{'CS 6750': ('A', ['27154', [[16, 'MW', 'Manufacture Rel Discip Complex 2404', 17, ['Rosa Arriaga (P)'], 0, -1, -1]], 3, 0, 0, [], -1]), 'CSE 6230': ('A', ['32166', [[14, 'TR', 'Ford Environmental Sci &amp; Tech L1255', 5, ['Ramakrishnan Kannan (P)'], 0, -1, -1]], 3, 0, 0, [], -1]), 'CS 8903': ('L23', ['31323', [[2, '', 'TBA', 1, ['Frank Li (P)'], 0, -1, -1]], 1, 4, 0, [], -1]), 'CSE 6140': ('A', ['33418', [[15, 'MW', 'Paper Tricentennial 109', 22, ['Xiuwei Zhang (P)'], 0, -1, -1]], 3, 0, 0, [], -1])}",3.765627706,0,750,800,1815,480,1095,5,6,7,6,7,6.2
56,"{'CSE 7751': ('A', ['29924', [[1, 'MW', 'Klaus Advanced Computing 2443', 6, ['Faramarz Fekri (P)'], 0, -1, -1]], 3, 0, 0, [], -1]), 'CS 6457': ('A', ['24107', [[3, 'MW', 'Mason 1133', 9, ['Jeffrey Wilson (P)'], 0, -1, -1]], 3, 0, 0, [], -1]), 'CS 6365': ('A', ['29369', [[0, 'TR', 'Klaus Advanced Computing 1456', 6, ['Calton Pu (P)'], 0, -1, -1]], 3, 0, 0, [], -1]), 'CSE 8903': ('S20', ['23509', [[2, '', 'TBA', 1, ['Le Song (P)'], 0, -1, -1]], 1, 4, 0, [], -1])}",3.79921631,0,390,930,1515,570,915,6,7,7,7,8,7
57,"{'CS 6750': ('A', ['27154', [[16, 'MW', 'Manufacture Rel Discip Complex 2404', 17, ['Rosa Arriaga (P)'], 0, -1, -1]], 3, 0, 0, [], -1]), 'CS 6460': ('A', ['23977', [[1, 'MW', 'Instructional Center 111', 3, ['Judith Uchidiuno (P)'], 0, -1, -1]], 3, 0, 0, [], -1]), 'CS 7545': ('A', ['31944', [[16, 'TR', 'Weber SST III 1', 10, ['Jacob Abernethy (P)'], 0, -1, -1]], 3, 0, 0, [], -1]), 'CS 6457': ('A', ['24107', [[3, 'MW', 'Mason 1133', 9, ['Jeffrey Wilson (P)'], 0, -1, -1]], 3, 0, 0, [], -1])}",3.807762281,0,420,930,1645,570,1005,6,7,8,7,8,7.2
58,"{'CS 6457': ('A', ['24107', [[3, 'MW', 'Mason 1133', 9, ['Jeffrey Wilson (P)'], 0, -1, -1]], 3, 0, 0, [], -1]), 'CS 6491': ('A', ['30858', [[11, 'MWF', 'Van Leer E283', 18, ['Greg Turk (P)'], 0, -1, -1]], 3, 0, 0, [], -1]), 'CSE 6140': ('A', ['33418', [[15, 'MW', 'Paper Tricentennial 109', 22, ['Xiuwei Zhang (P)'], 0, -1, -1]], 3, 0, 0, [], -1]), 'CS 7000': ('V06', ['22686', [[2, '', 'TBA', 1, ['Richard Vuduc (P)'], 0, -1, -1]], 1, 8, 0, [], -1])}",3.795719982,1,240,800,1320,480,800,5,8,7,7,6,6.6
59,"{'CSE 6730': ('A', ['29302', [[1, 'TR', 'Clough UG Learning Commons 152', 16, ['Spencer Bryngelson (P)'], 0, -1, -1]], 3, 0, 0, [], -1]), 'CS 6365': ('A', ['29369', [[0, 'TR', 'Klaus Advanced Computing 1456', 6, ['Calton Pu (P)'], 0, -1, -1]], 3, 0, 0, [], -1]), 'CSE 6230': ('A', ['32166', [[14, 'TR', 'Ford Environmental Sci &amp; Tech L1255', 5, ['Ramakrishnan Kannan (P)'], 0, -1, -1]], 3, 0, 0, [], -1]), 'CS 6390': ('A', ['34264', [[16, 'MW', 'Klaus Advanced Computing 2447', 6, ['Vivek Sarkar (P)'], 0, -1, -1]], 3, 0, 0, [], -1])}",3.745211767,0,240,1230,1815,750,1095,5,6,7,8,7,6.6
60,"{'CS 7455': ('A', ['29357', [[1, 'MW', 'Clough UG Learning Commons 262', 16, ['Elizabeth Disalvo (P)'], 0, -1, -1]], 3, 0, 0, [], -1]), 'CS 7643': ('A', ['25932', [[0, 'WF', 'Clough UG Learning Commons 152', 16, ['Zsolt Kira (P)'], 0, -1, -1]], 3, 0, 0, [], -1]), 'CSE 6643': ('A', ['24192', [[15, 'TR', 'Klaus Advanced Computing 1443', 6, ['Florian Schaefer (P)'], 0, -1, -1]], 3, 0, 0, [], -1])}",3.675308642,0,15,800,1515,480,915,5,8,5,6,7,6.2
61,"{'CS 6460': ('A', ['23977', [[1, 'MW', 'Instructional Center 111', 3, ['Judith Uchidiuno (P)'], 0, -1, -1]], 3, 0, 0, [], -1]), 'CSE 6230': ('A', ['32166', [[14, 'TR', 'Ford Environmental Sci &amp; Tech L1255', 5, ['Ramakrishnan Kannan (P)'], 0, -1, -1]], 3, 0, 0, [], -1]), 'CS 7785': ('HC', ['30846', [[20, 'MWF', 'Manufacture Rel Discip Complex 2407', 17, ['Sean Wilson (P)'], 0, -1, -1]], 3, 0, 0, [], -1])}",3.817990476,0,440,930,1815,570,1095,6,7,8,7,7,7
62,"{'CS 6476': ('A', ['25049', [[16, 'TR', 'TBA', 1, ['Judy Hoffman (P)'], 0, -1, -1]], 3, 0, 0, [], -1]), 'CS 7648': ('A', ['33416', [[15, 'TR', 'College of Computing 101', 13, ['Matthew Gombolay (P)'], 0, -1, -1]], 3, 0, 0, [], -1]), 'CS 7632': ('A', ['32023', [[3, 'MW', 'Klaus Advanced Computing 1443', 6, ['Mark Riedl (P)'], 0, -1, -1]], 3, 0, 0, [], -1])}",3.888472222,0,750,800,1645,480,1005,7,8,9,6,7,7.4
63,"{'CS 7641': ('A', ['23765', [[0, 'TR', 'Howey Physics L1', 20, ['Max Roozbahani (P)'], 0, -1, -1]], 3, 0, 0, [], -1]), 'CS 6440': ('A', ['29356', [[16, 'TR', 'Mason 5134', 9, ['Jon Duke (P)'], 0, -1, -1]], 3, 0, 0, [], -1]), 'CS 6210': ('A', ['20917', [[7, 'MW', 'Instructional Center 215', 3, ['Ada Gavrilovska (P)'], 0, -1, -1]], 3, 0, 0, [], -1])}",3.710368446,0,210,1100,1645,660,1005,6,6,6,5,6,5.8
64,"{'CS 7470': ('A', ['25802', [[3, 'TR', 'College of Computing 17', 13, ['Thomas Ploetz (P)'], 0, -1, -1]], 3, 0, 0, [], -1]), 'CS 6491': ('A', ['30858', [[11, 'MWF', 'Van Leer E283', 18, ['Greg Turk (P)'], 0, -1, -1]], 3, 0, 0, [], -1]), 'CS 6241': ('A', ['29375', [[1, 'MW', 'Molecular Sciences and Engr 1222', 26, ['Santosh Pande (P)'], 0, -1, -1]], 3, 0, 0, [], -1])}",3.746551782,0,80,930,1515,570,915,7,7,6,7,7,6.8
65,"{'CS 8903': ('X01', ['20982', [[2, '', 'TBA', 1, ['Jun Xu (P)'], 0, -1, -1]], 1, 4, 0, [], -1]), 'CSE 6220': ('A', ['29383', [[3, 'MW', 'Clough UG Learning Commons 152', 16, ['Srinivas Aluru (P)'], 0, -1, -1]], 3, 0, 0, [], -1]), 'CS 6750': ('A', ['27154', [[16, 'MW', 'Manufacture Rel Discip Complex 2404', 17, ['Rosa Arriaga (P)'], 0, -1, -1]], 3, 0, 0, [], -1])}",3.700707071,0,570,930,1645,570,1005,6,8,8,8,8,7.6
66,"{'CS 7650': ('A', ['27707', [[1, 'MW', 'Instructional Center 211', 3, ['Wei Xu (P)'], 0, -1, -1]], 3, 0, 0, [], -1]), 'CSE 6730': ('A', ['29302', [[1, 'TR', 'Clough UG Learning Commons 152', 16, ['Spencer Bryngelson (P)'], 0, -1, -1]], 3, 0, 0, [], -1]), 'MATH 6643': ('A', ['20474', [[15, 'TR', 'Klaus Advanced Computing 1443', 6, ['Florian Schaefer (P)'], 0, -1, -1]], 3, 0, 0, [], -1])}",3.642127778,0,570,800,1515,480,915,4,6,6,7,6,5.8
67,"{'CS 7632': ('A', ['32023', [[3, 'MW', 'Klaus Advanced Computing 1443', 6, ['Mark Riedl (P)'], 0, -1, -1]], 3, 0, 0, [], -1]), 'CSE 6140': ('A', ['33418', [[15, 'MW', 'Paper Tricentennial 109', 22, ['Xiuwei Zhang (P)'], 0, -1, -1]], 3, 0, 0, [], -1]), 'CS 7643': ('A', ['25932', [[0, 'WF', 'Clough UG Learning Commons 152', 16, ['Zsolt Kira (P)'], 0, -1, -1]], 3, 0, 0, [], -1])}",3.686760662,0,135,800,1345,480,825,5,7,6,6,6,6
68,"{'CS 7641': ('A', ['23765', [[0, 'TR', 'Howey Physics L1', 20, ['Max Roozbahani (P)'], 0, -1, -1]], 3, 0, 0, [], -1]), 'CS 7650': ('A', ['27707', [[1, 'MW', 'Instructional Center 211', 3, ['Wei Xu (P)'], 0, -1, -1]], 3, 0, 0, [], -1]), 'CS 7648': ('A', ['33416', [[15, 'TR', 'College of Computing 101', 13, ['Matthew Gombolay (P)'], 0, -1, -1]], 3, 0, 0, [], -1])}",3.726738817,0,390,800,1515,480,915,5,7,6,6,5,5.8
69,"{'CS 6515': ('A', ['26953', [[16, 'TR', 'College of Computing 16', 13, ['Dana Randall (P)'], 0, -1, -1]], 3, 0, 0, [], -1]), 'CSE 6742': ('A', ['32416', [[5, 'W', 'Cherry Emerson 320', 25, ['Mariel Borowitz (P)'], 0, -1, -1]], 3, 0, 0, [], -1]), 'CS 8803': ('CL', ['33896', [[15, 'MW', 'Klaus Advanced Computing 2456', 6, ['Lelia Glass (P)'], 0, -1, -1]], 3, 0, 0, [], -1])}",3.766777778,0,555,800,2115,480,1275,5,6,7,7,8,6.6
70,"{'CSE 6140': ('A', ['33418', [[15, 'MW', 'Paper Tricentennial 109', 22, ['Xiuwei Zhang (P)'], 0, -1, -1]], 3, 0, 0, [], -1]), 'CSE 6730': ('A', ['29302', [[1, 'TR', 'Clough UG Learning Commons 152', 16, ['Spencer Bryngelson (P)'], 0, -1, -1]], 3, 0, 0, [], -1]), 'CS 6440': ('A', ['29356', [[16, 'TR', 'Mason 5134', 9, ['Jon Duke (P)'], 0, -1, -1]], 3, 0, 0, [], -1]), 'CS 6675': ('A', ['29372', [[16, 'MW', 'Ford Environmental Sci &amp; Tech L1205', 5, ['Ling Liu (P)'], 0, -1, -1]], 3, 0, 0, [], -1])}",3.743227904,0,780,800,1645,480,1005,5,6,7,6,4,5.6
71,"{'CS 6476': ('A', ['25049', [[16, 'TR', 'TBA', 1, ['Judy Hoffman (P)'], 0, -1, -1]], 3, 0, 0, [], -1]), 'CS 6750': ('A', ['27154', [[16, 'MW', 'Manufacture Rel Discip Complex 2404', 17, ['Rosa Arriaga (P)'], 0, -1, -1]], 3, 0, 0, [], -1]), 'CSE 6742': ('A', ['32416', [[5, 'W', 'Cherry Emerson 320', 25, ['Mariel Borowitz (P)'], 0, -1, -1]], 3, 0, 0, [], -1]), 'CS 6290': ('A', ['21889', [[0, 'TR', 'Klaus Advanced Computing 1443', 6, ['Thomas Conte (P)'], 0, -1, -1]], 3, 0, 0, [], -1])}",3.82625,0,315,1230,2115,750,1275,6,8,3,7,9,6.6
72,"{'CS 7643': ('A', ['25932', [[0, 'WF', 'Clough UG Learning Commons 152', 16, ['Zsolt Kira (P)'], 0, -1, -1]], 3, 0, 0, [], -1]), 'CS 6263': ('A', ['34255', [[14, 'MW', 'Van Leer C340', 18, ['Sukarno Mertoguno (P)'], 0, -1, -1]], 3, 0, 0, [], -1]), 'CS 6440': ('A', ['29356', [[16, 'TR', 'Mason 5134', 9, ['Jon Duke (P)'], 0, -1, -1]], 3, 0, 0, [], -1]), 'CS 6241': ('A', ['29375', [[1, 'MW', 'Molecular Sciences and Engr 1222', 26, ['Santosh Pande (P)'], 0, -1, -1]], 3, 0, 0, [], -1])}",3.619671652,0,225,1230,1815,750,1095,5,6,6,7,8,6.4
73,"{'CS 6795': ('A', ['29328', [[14, 'TR', 'Scheller College of Business 202', 0, ['Ashok Goel (P)'], 0, -1, -1]], 3, 0, 0, [], -1]), 'CS 6750': ('A', ['27154', [[16, 'MW', 'Manufacture Rel Discip Complex 2404', 17, ['Rosa Arriaga (P)'], 0, -1, -1]], 3, 0, 0, [], -1]), 'CSE 8903': ('C18', ['27538', [[2, '', 'TBA', 1, ['Abouzar Kaboudian', 'Elizabeth Cherry (P)'], 0, -1, -1]], 1, 4, 0, [], -1]), 'INTA 6742': ('A', ['29767', [[5, 'W', 'Cherry Emerson 320', 25, ['Mariel Borowitz (P)'], 0, -1, -1]], 3, 0, 0, [], -1])}",3.911799018,0,105,1530,2115,930,1275,9,9,9,8,8,8.6
74,"{'MATH 6644': ('A', ['29584', [[7, 'MW', 'Clough UG Learning Commons 102', 16, ['Hao-Min Zhou (P)'], 0, -1, -1]], 3, 0, 0, [], -1]), 'CS 6491': ('A', ['30858', [[11, 'MWF', 'Van Leer E283', 18, ['Greg Turk (P)'], 0, -1, -1]], 3, 0, 0, [], -1]), 'CSE 6730': ('A', ['29302', [[1, 'TR', 'Clough UG Learning Commons 152', 16, ['Spencer Bryngelson (P)'], 0, -1, -1]], 3, 0, 0, [], -1]), 'CSE 7000': ('W13', ['33047', [[2, '', 'TBA', 1, ['Anqi Wu (P)'], 0, -1, -1]], 1, 8, 0, [], -1])}",3.818162698,1,30,1100,1515,660,915,8,8,7,7,6,7.2
75,"{'CS 7643': ('A', ['25932', [[0, 'WF', 'Clough UG Learning Commons 152', 16, ['Zsolt Kira (P)'], 0, -1, -1]], 3, 0, 0, [], -1]), 'CS 6250': ('A', ['33376', [[3, 'TR', 'Molecular Sciences and Engr G011', 26, ['Cecilia Testart (P)'], 0, -1, -1]], 3, 0, 0, [], -1]), 'CS 6550': ('A', ['29570', [[1, 'MW', 'Weber SST III 1', 10, ['Sahil Singla (P)'], 0, -1, -1]], 3, 0, 0, [29], -1]), 'CS 7785': ('HC', ['30846', [[20, 'MWF', 'Manufacture Rel Discip Complex 2407', 17, ['Sean Wilson (P)'], 0, -1, -1]], 3, 0, 0, [], -1])}",3.759334046,0,495,930,1515,570,915,7,7,7,6,7,6.8
76,"{'CS 6999': ('Y04', ['28773', [[2, '', 'TBA', 1, ['David White', 'Diyi Yang (P)'], 0, -1, -1]], 1, 6, 0, [], -1]), 'CS 7650': ('A', ['27707', [[1, 'MW', 'Instructional Center 211', 3, ['Wei Xu (P)'], 0, -1, -1]], 3, 0, 0, [], -1]), 'CSE 6220': ('A', ['29383', [[3, 'MW', 'Clough UG Learning Commons 152', 16, ['Srinivas Aluru (P)'], 0, -1, -1]], 3, 0, 0, [], -1]), 'CS 6725': ('A', ['28747', [[5, 'M', 'Scheller College of Business 200', 0, ['Peter Swire (P)'], 0, -1, -1]], 3, 0, 0, [], -1])}",3.631977884,0,585,930,2115,570,1275,4,6,8,7,8,6.6
77,"{'CSE 6140': ('A', ['33418', [[15, 'MW', 'Paper Tricentennial 109', 22, ['Xiuwei Zhang (P)'], 0, -1, -1]], 3, 0, 0, [], -1]), 'CS 6460': ('A', ['23977', [[1, 'MW', 'Instructional Center 111', 3, ['Judith Uchidiuno (P)'], 0, -1, -1]], 3, 0, 0, [], -1]), 'CSE 6740': ('PAN', ['29687', [[3, 'TR', 'Clough UG Learning Commons 102', 16, ['Anqi Wu (P)'], 0, -1, -1]], 3, 0, 0, [], -1]), 'ISYE 6644': ('A', ['20391', [[3, 'MW', 'J. Erskine Love Manufacturing 185', 11, ['David Goldsman (P)'], 0, -1, -1]], 3, 0, 0, [], -1])}",3.691773445,0,420,800,1515,480,915,5,7,6,7,8,6.6
78,"{'CS 6476': ('A', ['25049', [[16, 'TR', 'TBA', 1, ['Judy Hoffman (P)'], 0, -1, -1]], 3, 0, 0, [], -1]), 'CS 6457': ('A', ['24107', [[3, 'MW', 'Mason 1133', 9, ['Jeffrey Wilson (P)'], 0, -1, -1]], 3, 0, 0, [], -1]), 'MATH 6644': ('A', ['29584', [[7, 'MW', 'Clough UG Learning Commons 102', 16, ['Hao-Min Zhou (P)'], 0, -1, -1]], 3, 0, 0, [], -1]), 'CS 8803': ('CRD', ['31977', [[32, 'T', 'Cherry Emerson 320', 25, ['Vernelle Noel (P)'], 0, -1, -1]], 3, 0, 0, [], -1])}",3.892491991,0,45,930,1945,570,1185,8,9,7,4,6,6.8
79,"{'CSE 6140': ('A', ['33418', [[15, 'MW', 'Paper Tricentennial 109', 22, ['Xiuwei Zhang (P)'], 0, -1, -1]], 3, 0, 0, [], -1]), 'CSE 6643': ('A', ['24192', [[15, 'TR', 'Klaus Advanced Computing 1443', 6, ['Florian Schaefer (P)'], 0, -1, -1]], 3, 0, 0, [], -1]), 'CS 7455': ('A', ['29357', [[1, 'MW', 'Clough UG Learning Commons 262', 16, ['Elizabeth Disalvo (P)'], 0, -1, -1]], 3, 0, 0, [], -1]), 'CS 6457': ('A', ['24107', [[3, 'MW', 'Mason 1133', 9, ['Jeffrey Wilson (P)'], 0, -1, -1]], 3, 0, 0, [], -1])}",3.732563796,0,420,800,1515,480,915,6,7,6,6,4,5.8
80,"{'CS 6263': ('A', ['34255', [[14, 'MW', 'Van Leer C340', 18, ['Sukarno Mertoguno (P)'], 0, -1, -1]], 3, 0, 0, [], -1]), 'CS 6550': ('A', ['29570', [[1, 'MW', 'Weber SST III 1', 10, ['Sahil Singla (P)'], 0, -1, -1]], 3, 0, 0, [29], -1]), 'CS 6457': ('A', ['24107', [[3, 'MW', 'Mason 1133', 9, ['Jeffrey Wilson (P)'], 0, -1, -1]], 3, 0, 0, [], -1]), 'CS 8903': ('F08', ['23750', [[2, '', 'TBA', 1, ['Lance Fortnow (P)'], 0, -1, -1]], 1, 4, 0, [], -1])}",3.790741113,0,600,930,1815,570,1095,7,7,7,7,5,6.6
81,"{'CSE 6740': ('PAN', ['29687', [[3, 'TR', 'Clough UG Learning Commons 102', 16, ['Anqi Wu (P)'], 0, -1, -1]], 3, 0, 0, [], -1]), 'CS 8803': ('MN', ['29967', [[1, 'TR', 'Manufacture Rel Discip Complex 3403', 17, ['Mostafa Ammar (P)'], 0, -1, -1]], 3, 0, 0, [], -1]), 'CS 6727': ('A', ['26619', [[19, 'F', 'Clough UG Learning Commons 102', 16, ['Vijay Madisetti (P)'], 0, -1, -1]], 5, 0, 0, [], -1]), 'CS 6390': ('A', ['34264', [[16, 'MW', 'Klaus Advanced Computing 2447', 6, ['Vivek Sarkar (P)'], 0, -1, -1]], 3, 0, 0, [], -1])}",3.812430556,0,390,825,1645,505,1005,7,7,6,7,7,6.8
82,"{'CSE 6730': ('A', ['29302', [[1, 'TR', 'Clough UG Learning Commons 152', 16, ['Spencer Bryngelson (P)'], 0, -1, -1]], 3, 0, 0, [], -1]), 'CS 6210': ('A', ['20917', [[7, 'MW', 'Instructional Center 215', 3, ['Ada Gavrilovska (P)'], 0, -1, -1]], 3, 0, 0, [], -1]), 'INTA 6742': ('A', ['29767', [[5, 'W', 'Cherry Emerson 320', 25, ['Mariel Borowitz (P)'], 0, -1, -1]], 3, 0, 0, [], -1]), 'CS 8803': ('HSI', ['33680', [[15, 'TR', 'Cherry Emerson 320', 25, ['Alexander Adams (P)'], 0, -1, -1]], 3, 0, 0, [], -1])}",3.764031099,0,945,800,2115,480,1275,5,6,6,7,6,6
83,"{'CSE 6730': ('A', ['29302', [[1, 'TR', 'Clough UG Learning Commons 152', 16, ['Spencer Bryngelson (P)'], 0, -1, -1]], 3, 0, 0, [], -1]), 'CSE 6220': ('A', ['29383', [[3, 'MW', 'Clough UG Learning Commons 152', 16, ['Srinivas Aluru (P)'], 0, -1, -1]], 3, 0, 0, [], -1]), 'CS 6725': ('A', ['28747', [[5, 'M', 'Scheller College of Business 200', 0, ['Peter Swire (P)'], 0, -1, -1]], 3, 0, 0, [], -1]), 'CS 6290': ('A', ['21889', [[0, 'TR', 'Klaus Advanced Computing 1443', 6, ['Thomas Conte (P)'], 0, -1, -1]], 3, 0, 0, [], -1])}",3.511467803,0,495,930,2115,570,1275,3,6,2,7,6,4.8
84,"{'CSE 6730': ('A', ['29302', [[1, 'TR', 'Clough UG Learning Commons 152', 16, ['Spencer Bryngelson (P)'], 0, -1, -1]], 3, 0, 0, [], -1]), 'CS 8803': ('CL', ['33896', [[15, 'MW', 'Klaus Advanced Computing 2456', 6, ['Lelia Glass (P)'], 0, -1, -1]], 3, 0, 0, [], -1]), 'CSE 6242': ('A', ['24376', [[14, 'TR', 'Clough UG Learning Commons 152', 16, ['Duenhorng Chau (P)'], 0, -1, -1]], 3, 0, 0, [], -1]), 'CS 6998': ('H10', ['25057', [[2, '', 'TBA', 1, ['Richard Henneman (P)'], 0, -1, -1]], 1, 6, 0, [], -1])}",3.817793382,0,210,800,1815,480,1095,6,8,7,5,6,6.4
85,"{'CSE 6730': ('A', ['29302', [[1, 'TR', 'Clough UG Learning Commons 152', 16, ['Spencer Bryngelson (P)'], 0, -1, -1]], 3, 0, 0, [], -1]), 'CS 7643': ('A', ['25932', [[0, 'WF', 'Clough UG Learning Commons 152', 16, ['Zsolt Kira (P)'], 0, -1, -1]], 3, 0, 0, [], -1]), 'CS 6210': ('A', ['20917', [[7, 'MW', 'Instructional Center 215', 3, ['Ada Gavrilovska (P)'], 0, -1, -1]], 3, 0, 0, [], -1]), 'CS 6457': ('A', ['24107', [[3, 'MW', 'Mason 1133', 9, ['Jeffrey Wilson (P)'], 0, -1, -1]], 3, 0, 0, [], -1])}",3.697622929,0,45,930,1515,570,915,5,7,7,7,8,6.8
86,"{'CSE 6730': ('A', ['29302', [[1, 'TR', 'Clough UG Learning Commons 152', 16, ['Spencer Bryngelson (P)'], 0, -1, -1]], 3, 0, 0, [], -1]), 'CS 7470': ('A', ['25802', [[3, 'TR', 'College of Computing 17', 13, ['Thomas Ploetz (P)'], 0, -1, -1]], 3, 0, 0, [], -1]), 'CS 7000': ('V05', ['22997', [[2, '', 'TBA', 1, ['Santosh Vempala (P)'], 0, -1, -1]], 1, 8, 0, [], -1]), 'INTA 6742': ('A', ['29767', [[5, 'W', 'Cherry Emerson 320', 25, ['Mariel Borowitz (P)'], 0, -1, -1]], 3, 0, 0, [], -1])}",3.856005892,1,390,930,2115,570,1275,5,8,7,7,7,6.8
87,"{'CSE 6730': ('A', ['29302', [[1, 'TR', 'Clough UG Learning Commons 152', 16, ['Spencer Bryngelson (P)'], 0, -1, -1]], 3, 0, 0, [], -1]), 'CSE 6220': ('A', ['29383', [[3, 'MW', 'Clough UG Learning Commons 152', 16, ['Srinivas Aluru (P)'], 0, -1, -1]], 3, 0, 0, [], -1]), 'INTA 6742': ('A', ['29767', [[5, 'W', 'Cherry Emerson 320', 25, ['Mariel Borowitz (P)'], 0, -1, -1]], 3, 0, 0, [], -1]), 'CS 7648': ('A', ['33416', [[15, 'TR', 'College of Computing 101', 13, ['Matthew Gombolay (P)'], 0, -1, -1]], 3, 0, 0, [], -1])}",3.683898359,0,1035,800,2115,480,1275,4,6,5,6,6,5.4
88,"{'MATH 6643': ('A', ['20474', [[15, 'TR', 'Klaus Advanced Computing 1443', 6, ['Florian Schaefer (P)'], 0, -1, -1]], 3, 0, 0, [], -1]), 'CS 6795': ('A', ['29328', [[14, 'TR', 'Scheller College of Business 202', 0, ['Ashok Goel (P)'], 0, -1, -1]], 3, 0, 0, [], -1]), 'CS 6550': ('A', ['29570', [[1, 'MW', 'Weber SST III 1', 10, ['Sahil Singla (P)'], 0, -1, -1]], 3, 0, 0, [29], -1]), 'CSE 6220': ('A', ['29383', [[3, 'MW', 'Clough UG Learning Commons 152', 16, ['Srinivas Aluru (P)'], 0, -1, -1]], 3, 0, 0, [], -1])}",3.600876136,0,1320,800,1815,480,1095,3,5,5,5,5,4.6
89,"{'CSE 6730': ('A', ['29302', [[1, 'TR', 'Clough UG Learning Commons 152', 16, ['Spencer Bryngelson (P)'], 0, -1, -1]], 3, 0, 0, [], -1]), 'CS 6999': ('H17', ['28934', [[2, '', 'TBA', 1, ['Judy Hoffman (P)'], 0, -1, -1]], 1, 6, 0, [], -1]), 'CS 6457': ('A', ['24107', [[3, 'MW', 'Mason 1133', 9, ['Jeffrey Wilson (P)'], 0, -1, -1]], 3, 0, 0, [], -1]), 'CS 6471': ('A', ['33707', [[16, 'MW', 'Whitaker 1103', 27, ['Munmun De Choudhury (P)'], 0, -1, -1]], 3, 0, 0, [], -1])}",3.835224781,0,570,930,1645,570,1005,5,7,8,7,8,7
90,"{'MATH 6643': ('A', ['20474', [[15, 'TR', 'Klaus Advanced Computing 1443', 6, ['Florian Schaefer (P)'], 0, -1, -1]], 3, 0, 0, [], -1]), 'INTA 6742': ('A', ['29767', [[5, 'W', 'Cherry Emerson 320', 25, ['Mariel Borowitz (P)'], 0, -1, -1]], 3, 0, 0, [], -1]), 'CS 7470': ('A', ['25802', [[3, 'TR', 'College of Computing 17', 13, ['Thomas Ploetz (P)'], 0, -1, -1]], 3, 0, 0, [], -1])}",3.81063367,0,30,800,2115,480,1275,6,8,8,8,7,7.4
91,"{'CSE 6644': ('A', ['29723', [[7, 'MW', 'Clough UG Learning Commons 102', 16, ['Molei Tao (P)'], 0, -1, -1]], 3, 0, 0, [], -1]), 'INTA 6742': ('A', ['29767', [[5, 'W', 'Cherry Emerson 320', 25, ['Mariel Borowitz (P)'], 0, -1, -1]], 3, 0, 0, [], -1]), 'CS 6476': ('A', ['25049', [[16, 'TR', 'TBA', 1, ['Judy Hoffman (P)'], 0, -1, -1]], 3, 0, 0, [], -1])}",3.973518519,0,375,1100,2115,660,1275,9,8,7,7,6,7.4
92,"{'MATH 6643': ('A', ['20474', [[15, 'TR', 'Klaus Advanced Computing 1443', 6, ['Florian Schaefer (P)'], 0, -1, -1]], 3, 0, 0, [], -1]), 'CSE 6220': ('A', ['29383', [[3, 'MW', 'Clough UG Learning Commons 152', 16, ['Srinivas Aluru (P)'], 0, -1, -1]], 3, 0, 0, [], -1]), 'CS 6400': ('A', ['33673', [[16, 'TR', 'Instructional Center 115', 3, ['Shamkant Navathe (P)'], 0, -1, -1]], 3, 0, 0, [], -1])}",3.435751515,0,750,800,1645,480,1005,2,6,4,7,7,5.2
93,"{'MATH 6643': ('A', ['20474', [[15, 'TR', 'Klaus Advanced Computing 1443', 6, ['Florian Schaefer (P)'], 0, -1, -1]], 3, 0, 0, [], -1]), 'CSE 6220': ('A', ['29383', [[3, 'MW', 'Clough UG Learning Commons 152', 16, ['Srinivas Aluru (P)'], 0, -1, -1]], 3, 0, 0, [], -1]), 'CS 6795': ('A', ['29328', [[14, 'TR', 'Scheller College of Business 202', 0, ['Ashok Goel (P)'], 0, -1, -1]], 3, 0, 0, [], -1])}",3.542834848,0,930,800,1815,480,1095,3,5,5,7,6,5.2
94,"{'MATH 6644': ('A', ['29584', [[7, 'MW', 'Clough UG Learning Commons 102', 16, ['Hao-Min Zhou (P)'], 0, -1, -1]], 3, 0, 0, [], -1]), 'CS 6750': ('A', ['27154', [[16, 'MW', 'Manufacture Rel Discip Complex 2404', 17, ['Rosa Arriaga (P)'], 0, -1, -1]], 3, 0, 0, [], -1]), 'CSE 6242': ('A', ['24376', [[14, 'TR', 'Clough UG Learning Commons 152', 16, ['Duenhorng Chau (P)'], 0, -1, -1]], 3, 0, 0, [], -1])}",3.8822,0,390,1100,1815,660,1095,8,8,9,8,7,8
95,"{'CSE 6643': ('A', ['24192', [[15, 'TR', 'Klaus Advanced Computing 1443', 6, ['Florian Schaefer (P)'], 0, -1, -1]], 3, 0, 0, [], -1]), 'CSE 6644': ('A', ['29723', [[7, 'MW', 'Clough UG Learning Commons 102', 16, ['Molei Tao (P)'], 0, -1, -1]], 3, 0, 0, [], -1]), 'CS 6290': ('A', ['21889', [[0, 'TR', 'Klaus Advanced Computing 1443', 6, ['Thomas Conte (P)'], 0, -1, -1]], 3, 0, 0, [], -1])}",3.702222222,0,390,800,1345,480,825,5,6,3,7,7,5.6
96,"{'CS 6727': ('A', ['26619', [[19, 'F', 'Clough UG Learning Commons 102', 16, ['Vijay Madisetti (P)'], 0, -1, -1]], 5, 0, 0, [], -1]), 'CS 7785': ('HC', ['30846', [[20, 'MWF', 'Manufacture Rel Discip Complex 2407', 17, ['Sean Wilson (P)'], 0, -1, -1]], 3, 0, 0, [], -1]), 'CS 6460': ('A', ['23977', [[1, 'MW', 'Instructional Center 111', 3, ['Judith Uchidiuno (P)'], 0, -1, -1]], 3, 0, 0, [], -1])}",3.861985185,0,455,825,1515,505,915,6,7,8,6,5,6.4
97,"{'CS 6290': ('A', ['21889', [[0, 'TR', 'Klaus Advanced Computing 1443', 6, ['Thomas Conte (P)'], 0, -1, -1]], 3, 0, 0, [], -1]), 'CS 6210': ('A', ['20917', [[7, 'MW', 'Instructional Center 215', 3, ['Ada Gavrilovska (P)'], 0, -1, -1]], 3, 0, 0, [], -1]), 'CS 7785': ('HC', ['30846', [[20, 'MWF', 'Manufacture Rel Discip Complex 2407', 17, ['Sean Wilson (P)'], 0, -1, -1]], 3, 0, 0, [], -1])}",3.707,0,80,930,1345,570,825,7,7,3,9,8,6.8
98,"{'CS 6262': ('A', ['32012', [[1, 'TR', 'Ford Environmental Sci &amp; Tech L1205', 5, ['Wenke Lee (P)'], 0, -1, -1]], 3, 0, 0, [], -1]), 'CS 7648': ('A', ['33416', [[15, 'TR', 'College of Computing 101', 13, ['Matthew Gombolay (P)'], 0, -1, -1]], 3, 0, 0, [], -1]), 'CSE 6230': ('A', ['32166', [[14, 'TR', 'Ford Environmental Sci &amp; Tech L1255', 5, ['Ramakrishnan Kannan (P)'], 0, -1, -1]], 3, 0, 0, [], -1])}",3.666246032,0,780,800,1815,480,1095,4,6,6,7,7,6
99,"{'MATH 6643': ('A', ['20474', [[15, 'TR', 'Klaus Advanced Computing 1443', 6, ['Florian Schaefer (P)'], 0, -1, -1]], 3, 0, 0, [], -1]), 'CSE 6220': ('A', ['29383', [[3, 'MW', 'Clough UG Learning Commons 152', 16, ['Srinivas Aluru (P)'], 0, -1, -1]], 3, 0, 0, [], -1]), 'INTA 6742': ('A', ['29767', [[5, 'W', 'Cherry Emerson 320', 25, ['Mariel Borowitz (P)'], 0, -1, -1]], 3, 0, 0, [], -1])}",3.584270034,0,465,800,2115,480,1275,3,6,5,7,6,5.4
100,"{'CS 7650': ('A', ['27707', [[1, 'MW', 'Instructional Center 211', 3, ['Wei Xu (P)'], 0, -1, -1]], 3, 0, 0, [], -1]), 'CS 6727': ('A01', ['27934', [[2, '', 'TBA', 1, ['Vijay Madisetti (P)'], 0, -1, -1]], 0, 6, 0, [], -1]), 'CS 8803': ('DCC', ['34284', [[15, 'MW', 'J. Erskine Love Manufacturing 185', 11, ['Vijay Madisetti (P)'], 0, -1, -1]], 3, 0, 0, [], -1])}",3.760958132,0,570,800,1515,480,915,6,6,6,5,5,5.6
101,"{'CS 6675': ('A', ['29372', [[16, 'MW', 'Ford Environmental Sci &amp; Tech L1205', 5, ['Ling Liu (P)'], 0, -1, -1]], 3, 0, 0, [], -1]), 'CS 6725': ('A', ['28747', [[5, 'M', 'Scheller College of Business 200', 0, ['Peter Swire (P)'], 0, -1, -1]], 3, 0, 0, [], -1]), 'CSE 6140': ('A', ['33418', [[15, 'MW', 'Paper Tricentennial 109', 22, ['Xiuwei Zhang (P)'], 0, -1, -1]], 3, 0, 0, [], -1])}",3.660090909,0,855,800,2115,480,1275,4,7,7,7,7,6.4
102,"{'CS 6365': ('A', ['29369', [[0, 'TR', 'Klaus Advanced Computing 1456', 6, ['Calton Pu (P)'], 0, -1, -1]], 3, 0, 0, [], -1]), 'CSE 6730': ('A', ['29302', [[1, 'TR', 'Clough UG Learning Commons 152', 16, ['Spencer Bryngelson (P)'], 0, -1, -1]], 3, 0, 0, [], -1]), 'CS 7455': ('A', ['29357', [[1, 'MW', 'Clough UG Learning Commons 262', 16, ['Elizabeth Disalvo (P)'], 0, -1, -1]], 3, 0, 0, [], -1])}",3.798536325,0,30,1230,1515,750,915,8,6,8,8,7,7.4
103,"{'CS 6491': ('A', ['30858', [[11, 'MWF', 'Van Leer E283', 18, ['Greg Turk (P)'], 0, -1, -1]], 3, 0, 0, [], -1]), 'CS 7742': ('A', ['31049', [[9, 'W', 'Manufacture Rel Discip Complex 2407', 17, ['Nader Sadegh (P)'], 0, -1, -1]], 1, 0, 0, [], -1]), 'CSE 6242': ('A', ['24376', [[14, 'TR', 'Clough UG Learning Commons 152', 16, ['Duenhorng Chau (P)'], 0, -1, -1]], 3, 0, 0, [], -1])}",3.920168254,0,40,1100,1815,660,1095,9,9,9,6,8,8.2
104,"{'CS 6750': ('A', ['27154', [[16, 'MW', 'Manufacture Rel Discip Complex 2404', 17, ['Rosa Arriaga (P)'], 0, -1, -1]], 3, 0, 0, [], -1]), 'MATH 6643': ('A', ['20474', [[15, 'TR', 'Klaus Advanced Computing 1443', 6, ['Florian Schaefer (P)'], 0, -1, -1]], 3, 0, 0, [], -1]), 'CS 6725': ('A', ['28747', [[5, 'M', 'Scheller College of Business 200', 0, ['Peter Swire (P)'], 0, -1, -1]], 3, 0, 0, [], -1])}",3.666988889,0,105,800,2115,480,1275,4,7,6,7,6,6
105,"{'CS 6290': ('A', ['21889', [[0, 'TR', 'Klaus Advanced Computing 1443', 6, ['Thomas Conte (P)'], 0, -1, -1]], 3, 0, 0, [], -1]), 'CSE 7751': ('A', ['29924', [[1, 'MW', 'Klaus Advanced Computing 2443', 6, ['Faramarz Fekri (P)'], 0, -1, -1]], 3, 0, 0, [], -1]), 'CS 6390': ('A', ['34264', [[16, 'MW', 'Klaus Advanced Computing 2447', 6, ['Vivek Sarkar (P)'], 0, -1, -1]], 3, 0, 0, [], -1])}",3.677222222,0,30,1230,1645,750,1005,6,7,3,9,8,6.6
106,"{'CS 6474': ('A', ['29326', [[0, 'MW', 'Klaus Advanced Computing 2447', 6, ['Munmun De Choudhury (P)'], 0, -1, -1]], 3, 0, 0, [], -1]), 'INTA 6742': ('A', ['29767', [[5, 'W', 'Cherry Emerson 320', 25, ['Mariel Borowitz (P)'], 0, -1, -1]], 3, 0, 0, [], -1]), 'CS 7455': ('A', ['29357', [[1, 'MW', 'Clough UG Learning Commons 262', 16, ['Elizabeth Disalvo (P)'], 0, -1, -1]], 3, 0, 0, [], -1])}",3.884074074,0,225,1230,2115,750,1275,8,8,8,6,5,7
107,"{'CS 7450': ('A', ['31608', [[1, 'TR', 'Instructional Center 109', 3, ['Alexander Endert (P)'], 0, -1, -1]], 3, 0, 0, [], -1]), 'CSE 8903': ('S17', ['22587', [[2, '', 'TBA', 1, ['Charles David Sherrill (P)'], 0, -1, -1]], 1, 4, 0, [], -1]), 'CS 6035': ('A', ['23290', [[14, 'TR', 'Scheller College of Business 100', 0, ['Daniel Genkin (P)'], 0, -1, -1]], 3, 0, 0, [], -1])}",3.763030172,0,210,1400,1815,840,1095,6,7,6,5,6,6
108,"{'CS 6515': ('A', ['26953', [[16, 'TR', 'College of Computing 16', 13, ['Dana Randall (P)'], 0, -1, -1]], 3, 0, 0, [], -1]), 'CS 6474': ('A', ['29326', [[0, 'MW', 'Klaus Advanced Computing 2447', 6, ['Munmun De Choudhury (P)'], 0, -1, -1]], 3, 0, 0, [], -1]), 'CS 6675': ('A', ['29372', [[16, 'MW', 'Ford Environmental Sci &amp; Tech L1205', 5, ['Ling Liu (P)'], 0, -1, -1]], 3, 0, 0, [], -1])}",3.675555556,0,210,1230,1645,750,1005,5,6,7,7,6,6.2
109,"{'CSE 6242': ('A', ['24376', [[14, 'TR', 'Clough UG Learning Commons 152', 16, ['Duenhorng Chau (P)'], 0, -1, -1]], 3, 0, 0, [], -1]), 'MATH 6643': ('A', ['20474', [[15, 'TR', 'Klaus Advanced Computing 1443', 6, ['Florian Schaefer (P)'], 0, -1, -1]], 3, 0, 0, [], -1]), 'CS 6400': ('A', ['33673', [[16, 'TR', 'Instructional Center 115', 3, ['Shamkant Navathe (P)'], 0, -1, -1]], 3, 0, 0, [], -1])}",3.649577778,0,780,800,1815,480,1095,4,6,6,6,5,5.4
110,"{'CS 6238': ('A', ['29374', [[0, 'TR', 'Van Leer C241', 18, ['Mustaque Ahamad (P)'], 0, -1, -1]], 3, 0, 0, [0], -1]), 'CS 7751': ('A', ['29923', [[1, 'MW', 'Klaus Advanced Computing 2443', 6, ['Faramarz Fekri (P)'], 0, -1, -1]], 3, 0, 0, [], -1]), 'CS 6035': ('A', ['23290', [[14, 'TR', 'Scheller College of Business 100', 0, ['Daniel Genkin (P)'], 0, -1, -1]], 3, 0, 0, [], -1]), 'CSE 6140': ('A', ['33418', [[15, 'MW', 'Paper Tricentennial 109', 22, ['Xiuwei Zhang (P)'], 0, -1, -1]], 3, 0, 0, [], -1])}",3.466284848,0,960,800,1815,480,1095,2,5,4,5,4,4
111,"{'CS 7450': ('A', ['31608', [[1, 'TR', 'Instructional Center 109', 3, ['Alexander Endert (P)'], 0, -1, -1]], 3, 0, 0, [], -1]), 'CS 7650': ('A', ['27707', [[1, 'MW', 'Instructional Center 211', 3, ['Wei Xu (P)'], 0, -1, -1]], 3, 0, 0, [], -1]), 'CS 6750': ('A', ['27154', [[16, 'MW', 'Manufacture Rel Discip Complex 2404', 17, ['Rosa Arriaga (P)'], 0, -1, -1]], 3, 0, 0, [], -1]), 'CSE 6643': ('A', ['24192', [[15, 'TR', 'Klaus Advanced Computing 1443', 6, ['Florian Schaefer (P)'], 0, -1, -1]], 3, 0, 0, [], -1])}",3.741875,0,600,800,1645,480,1005,5,7,6,6,6,6
112,"{'CS 7450': ('A', ['31608', [[1, 'TR', 'Instructional Center 109', 3, ['Alexander Endert (P)'], 0, -1, -1]], 3, 0, 0, [], -1]), 'CS 6400': ('A', ['33673', [[16, 'TR', 'Instructional Center 115', 3, ['Shamkant Navathe (P)'], 0, -1, -1]], 3, 0, 0, [], -1]), 'MATH 6643': ('A', ['20474', [[15, 'TR', 'Klaus Advanced Computing 1443', 6, ['Florian Schaefer (P)'], 0, -1, -1]], 3, 0, 0, [], -1]), 'ISYE 6644': ('MSA', ['31026', [[3, 'MW', 'J. Erskine Love Manufacturing 185', 11, ['David Goldsman (P)'], 0, -1, -1]], 3, 0, 0, [], -1])}",3.619430263,0,600,800,1645,480,1005,4,6,6,6,6,5.6
113,"{'CS 7450': ('A', ['31608', [[1, 'TR', 'Instructional Center 109', 3, ['Alexander Endert (P)'], 0, -1, -1]], 3, 0, 0, [], -1]), 'CS 6795': ('A', ['29328', [[14, 'TR', 'Scheller College of Business 202', 0, ['Ashok Goel (P)'], 0, -1, -1]], 3, 0, 0, [], -1]), 'CS 6727': ('A', ['26619', [[19, 'F', 'Clough UG Learning Commons 102', 16, ['Vijay Madisetti (P)'], 0, -1, -1]], 5, 0, 0, [], -1]), 'CS 6250': ('A', ['33376', [[3, 'TR', 'Molecular Sciences and Engr G011', 26, ['Cecilia Testart (P)'], 0, -1, -1]], 3, 0, 0, [], -1])}",3.77459562,0,600,825,1815,505,1095,5,7,8,8,6,6.8
114,"{'CS 7450': ('A', ['31608', [[1, 'TR', 'Instructional Center 109', 3, ['Alexander Endert (P)'], 0, -1, -1]], 3, 0, 0, [], -1]), 'CS 7751': ('A', ['29923', [[1, 'MW', 'Klaus Advanced Computing 2443', 6, ['Faramarz Fekri (P)'], 0, -1, -1]], 3, 0, 0, [], -1]), 'CS 6471': ('A', ['33707', [[16, 'MW', 'Whitaker 1103', 27, ['Munmun De Choudhury (P)'], 0, -1, -1]], 3, 0, 0, [], -1]), 'CS 6365': ('A', ['29369', [[0, 'TR', 'Klaus Advanced Computing 1456', 6, ['Calton Pu (P)'], 0, -1, -1]], 3, 0, 0, [], -1])}",3.706298077,0,60,1230,1645,750,1005,5,7,7,8,7,6.8
115,"{'CS 6515': ('A', ['26953', [[16, 'TR', 'College of Computing 16', 13, ['Dana Randall (P)'], 0, -1, -1]], 3, 0, 0, [], -1]), 'CSE 6220': ('A', ['29383', [[3, 'MW', 'Clough UG Learning Commons 152', 16, ['Srinivas Aluru (P)'], 0, -1, -1]], 3, 0, 0, [], -1]), 'CS 7292': ('A', ['32067', [[16, 'MW', 'Clough UG Learning Commons 102', 16, ['Moinuddin Qureshi (P)'], 0, -1, -1]], 3, 0, 0, [], -1]), 'CS 6241': ('A', ['29375', [[1, 'MW', 'Molecular Sciences and Engr 1222', 26, ['Santosh Pande (P)'], 0, -1, -1]], 3, 0, 0, [], -1])}",3.471623252,0,420,930,1645,570,1005,3,5,5,6,6,5
116,"{'CSE 6242': ('A', ['24376', [[14, 'TR', 'Clough UG Learning Commons 152', 16, ['Duenhorng Chau (P)'], 0, -1, -1]], 3, 0, 0, [], -1]), 'CS 7641': ('A', ['23765', [[0, 'TR', 'Howey Physics L1', 20, ['Max Roozbahani (P)'], 0, -1, -1]], 3, 0, 0, [], -1]), 'CS 7751': ('A', ['29923', [[1, 'MW', 'Klaus Advanced Computing 2443', 6, ['Faramarz Fekri (P)'], 0, -1, -1]], 3, 0, 0, [], -1]), 'CS 6515': ('A', ['26953', [[16, 'TR', 'College of Computing 16', 13, ['Dana Randall (P)'], 0, -1, -1]], 3, 0, 0, [], -1])}",3.576662446,0,240,1230,1815,750,1095,5,6,5,7,7,6
117,"{'CSE 6242': ('A', ['24376', [[14, 'TR', 'Clough UG Learning Commons 152', 16, ['Duenhorng Chau (P)'], 0, -1, -1]], 3, 0, 0, [], -1]), 'CS 6491': ('A', ['30858', [[11, 'MWF', 'Van Leer E283', 18, ['Greg Turk (P)'], 0, -1, -1]], 3, 0, 0, [], -1]), 'CS 6211': ('A', ['32355', [[47, 'MW', 'TBA', 1, ['Umakishore Ramachandran (P)'], 0, -1, -1]], 3, 0, 0, [], -1]), 'CS 6238': ('A', ['29374', [[0, 'TR', 'Van Leer C241', 18, ['Mustaque Ahamad (P)'], 0, -1, -1]], 3, 0, 0, [0], -1])}",3.699057143,1,1190,1230,2050,750,1250,6,7,7,7,7,6.8
118,"{'CSE 6242': ('A', ['24376', [[14, 'TR', 'Clough UG Learning Commons 152', 16, ['Duenhorng Chau (P)'], 0, -1, -1]], 3, 0, 0, [], -1]), 'CS 7648': ('A', ['33416', [[15, 'TR', 'College of Computing 101', 13, ['Matthew Gombolay (P)'], 0, -1, -1]], 3, 0, 0, [], -1]), 'CS 6390': ('A', ['34264', [[16, 'MW', 'Klaus Advanced Computing 2447', 6, ['Vivek Sarkar (P)'], 0, -1, -1]], 3, 0, 0, [], -1]), 'CS 7632': ('A', ['32023', [[3, 'MW', 'Klaus Advanced Computing 1443', 6, ['Mark Riedl (P)'], 0, -1, -1]], 3, 0, 0, [], -1])}",3.858504167,0,1500,800,1815,480,1095,7,7,8,6,6,6.8
119,"{'CSE 6242': ('A', ['24376', [[14, 'TR', 'Clough UG Learning Commons 152', 16, ['Duenhorng Chau (P)'], 0, -1, -1]], 3, 0, 0, [], -1]), 'CS 7641': ('A', ['23765', [[0, 'TR', 'Howey Physics L1', 20, ['Max Roozbahani (P)'], 0, -1, -1]], 3, 0, 0, [], -1]), 'CSE 6740': ('PAN', ['29687', [[3, 'TR', 'Clough UG Learning Commons 102', 16, ['Anqi Wu (P)'], 0, -1, -1]], 3, 0, 0, [], -1]), 'CSE 6748': ('A', ['25959', [[2, '', 'TBA', 1, ['Joel Sokol (P)'], 0, -1, -1]], 6, 6, 0, [], -1])}",3.793261805,0,600,930,1815,570,1095,6,7,8,5,6,6.4